iter	RMSE
0	3.935799466
1	3.843535675
2	3.760805545
3	3.684314828
4	3.611712388
5	3.543644434
6	3.485423459
7	3.43040755
8	3.378708715
9	3.329133001
10	3.286657968
11	3.23692576
12	3.198119442
13	3.164811065
14	3.127907223
15	3.097276536
16	3.060016113
17	3.026906185
18	2.993046449
19	2.964080699
20	2.932359205
21	2.908560568
22	2.887207723
23	2.865932252
24	2.838206412
