,Country,MainPosition,SP_LA_LIGA,LeagueInvolved,IT_SERIE_A,CorrMarketValue,Foot,Years,DEGREE,EN_PL,FR_LIGUE_1,Position,IntReputation,Heading_accuracy,Reactions
0,0.4399999976158142,0.05999999865889549,0.05999999865889549,0.05000000074505806,0.03999999910593033,0.019999999552965164,0.019999999552965164,0.019999999552965164,0.019999999552965164,0.019999999552965164,0.019999999552965164,0.009999999776482582,0.009999999776482582,0.009999999776482582,0.009999999776482582
